metric,hero_mean,rest_mean,hero_median,rest_median,MWU_p
length_weighted_cov,26.75610553693143,25.54579315892726,5.7517596245471925,9.046682995254079,0.2723274645188648
median_cov,23.963773250000003,24.645674538095236,5.040609,8.572690999999999,0.3334873728846605
mean_cov,25.54672115805194,24.735011783365355,5.30600555533963,9.178483373205742,0.3143195030974316
