metric,hero_mean,rest_mean,MWU_p
GC3_pct,51.41332724796022,70.06505216864635,0.04328785788619255
ENC,49.9885786255329,39.00420460134828,0.0028300025905742417
