MAG,pred_len,ref_len,tm_norm_pred,tm_norm_ref,rmsd
S13_UreC,616,569,0.5764217215958997,0.6201788524040294,4.167139036252059
S16_UreC,616,569,0.5699564269241985,0.6130919730172171,4.309822621736761
S23_UreC,616,569,0.5689671869563894,0.6121981386755782,4.344483117305126
C22_UreC,573,569,0.6734087267776637,0.6778535160411867,3.5195331619387917
M1_UreC,566,569,0.6002940280509467,0.5973535295768141,4.180802669052627
S26_UreC,572,569,0.5964399566116887,0.599360897131904,4.03950820077159
