pseudo_F_source,p_source,pseudo_F_genus,p_genus,PC1_var,PC2_var
1.2488189364679023,0.113,8.214330229308038,0.001,14.406733632399806,11.82247066604725
